{
  "metadata": {
    "seed": "loop-golden-200-days",
    "daysSimulated": 200,
    "tickLengthMinutes": 60,
    "ticksPerDay": 24,
    "ticksSimulated": 4800
  },
  "totals": {
    "biomassDelta": 108.28375343197112,
    "averageBiomassPerTick": 0.022559115298327315,
    "averageBiomassPerDay": 0.5414187671598556,
    "averageVpd": 1.232869086029296,
    "averageStress": 0.7422255999963722,
    "averageHealth": 0.02426889635990037
  },
  "finalState": {
    "tick": 4800,
    "plantCount": 12,
    "biomassDry": 108.28375343197082,
    "averageHealth": 0,
    "averageQuality": 5.987589434526659e-43,
    "averageStress": 0.91,
    "environment": {
      "temperature": 22.919086495768642,
      "humidity": 0.5000000000000001,
      "co2": 400,
      "ppfd": 214.72325420991504,
      "vpd": 1.397858804246941
    },
    "resources": {
      "waterLiters": 11413.310291976331,
      "nutrientsGrams": 7739.952766591606
    },
    "cashOnHand": 554182.3464624009,
    "financeSummary": {
      "totalRevenue": 1500000,
      "totalExpenses": 945817.6535377539,
      "totalPayroll": 921600,
      "totalMaintenance": 46.03502025457756,
      "netIncome": 554182.3464622461,
      "lastTickRevenue": 0,
      "lastTickExpenses": 194.5328591120789
    }
  },
  "financials": {
    "revenue": 0,
    "expenses": 934067.6535377541,
    "capex": 0,
    "opex": 934067.6535377541,
    "utilityCost": 901.6185175013323,
    "maintenanceCost": 46.03502025457762,
    "utilitiesConsumed": {
      "energyKwh": 5759.200000000396,
      "waterLiters": 586.6897080236567,
      "nutrientsGrams": 260.0472334084139
    }
  },
  "events": {
    "dispatched": 33636,
    "counts": {
      "finance.opex": 28800,
      "finance.tick": 4800,
      "plant.healthAlert": 24,
      "plant.stageChanged": 12
    }
  },
  "samples": [
    {
      "tick": 1,
      "biomassDelta": 0.27810164243682195,
      "avgHealth": 0.8973833839835984,
      "avgStress": 0.6299264527343204,
      "avgVpd": 1.2142280864681247,
      "cumulativeBiomassDelta": 0.27810164243682195,
      "cumulativeRevenue": 0,
      "cumulativeExpenses": 194.55198639191465,
      "cashOnHand": 1488055.4480136083,
      "waterRemaining": 11999.746136740854,
      "nutrientsRemaining": 7999.796909392683,
      "eventCount": 7
    },
    {
      "tick": 1200,
      "biomassDelta": 0.1195464189045623,
      "avgHealth": 0,
      "avgStress": 0.5640023367594222,
      "avgVpd": 0.9980866044630777,
      "cumulativeBiomassDelta": 362.9231072955699,
      "cumulativeRevenue": 0,
      "cumulativeExpenses": 233536.3675934316,
      "cashOnHand": 1254713.6324066806,
      "waterRemaining": 11624.877898143599,
      "nutrientsRemaining": 7752.626312798132,
      "eventCount": 8436
    },
    {
      "tick": 1306,
      "biomassDelta": 0.10947441608972497,
      "avgHealth": 0,
      "avgStress": 0.5679029315505392,
      "avgVpd": 1.0017428555256445,
      "cumulativeBiomassDelta": 376.1282833018473,
      "cumulativeRevenue": 0,
      "cumulativeExpenses": 254164.54834388898,
      "cashOnHand": 1234085.4516562333,
      "waterRemaining": 11596.401776568599,
      "nutrientsRemaining": 7739.952766591606,
      "eventCount": 9178
    },
    {
      "tick": 1506,
      "biomassDelta": 0.09020407821302001,
      "avgHealth": 0,
      "avgStress": 0.5773536617668816,
      "avgVpd": 1.0105522278207317,
      "cumulativeBiomassDelta": 397.95337085374877,
      "cumulativeRevenue": 0,
      "cumulativeExpenses": 293083.2374797159,
      "cashOnHand": 1195166.7625204271,
      "waterRemaining": 11543.496780327318,
      "nutrientsRemaining": 7739.952766591606,
      "eventCount": 10578
    },
    {
      "tick": 1604,
      "biomassDelta": 0.08015954153898974,
      "avgHealth": 0,
      "avgStress": 0.5835605062609942,
      "avgVpd": 1.016313832735175,
      "cumulativeBiomassDelta": 407.11880744204063,
      "cumulativeRevenue": 0,
      "cumulativeExpenses": 312153.3857439574,
      "cashOnHand": 1176096.6142561946,
      "waterRemaining": 11518.069613189497,
      "nutrientsRemaining": 7739.952766591606,
      "eventCount": 11264
    },
    {
      "tick": 2400,
      "biomassDelta": -0.17990126503207193,
      "avgHealth": 0,
      "avgStress": 0.91,
      "avgVpd": 1.3974552385326617,
      "cumulativeBiomassDelta": 359.6226287991176,
      "cumulativeRevenue": 0,
      "cumulativeExpenses": 467048.2764919685,
      "cashOnHand": 1021201.7235082318,
      "waterRemaining": 11413.310291976331,
      "nutrientsRemaining": 7739.952766591606,
      "eventCount": 16836
    },
    {
      "tick": 3718,
      "biomassDelta": -0.09305989962931704,
      "avgHealth": 0,
      "avgStress": 0.91,
      "avgVpd": 1.3976805708490645,
      "cumulativeBiomassDelta": 186.02673935899588,
      "cumulativeRevenue": 0,
      "cumulativeExpenses": 723518.6372414125,
      "cashOnHand": 764731.3627587648,
      "waterRemaining": 11413.310291976331,
      "nutrientsRemaining": 7739.952766591606,
      "eventCount": 26062
    },
    {
      "tick": 4800,
      "biomassDelta": -0.05416896119658787,
      "avgHealth": 0,
      "avgStress": 0.91,
      "avgVpd": 1.397858804246941,
      "cumulativeBiomassDelta": 108.28375343197112,
      "cumulativeRevenue": 0,
      "cumulativeExpenses": 934067.6535377541,
      "cashOnHand": 554182.3464624009,
      "waterRemaining": 11413.310291976331,
      "nutrientsRemaining": 7739.952766591606,
      "eventCount": 33636
    }
  ]
}
