{
  "metadata": {
    "seed": "loop-golden-200-days",
    "daysSimulated": 200,
    "tickLengthMinutes": 60,
    "ticksPerDay": 24,
    "ticksSimulated": 4800
  },
  "totals": {
    "biomassDelta": 2880.0000000000027,
    "averageBiomassPerTick": 0.6000000000000005,
    "averageBiomassPerDay": 14.400000000000013,
    "averageVpd": 1.4136099631614238,
    "averageStress": 0.8888377665557914,
    "averageHealth": 0.001485349686751396
  },
  "finalState": {
    "tick": 4800,
    "plantCount": 12,
    "biomassDry": 2880,
    "averageHealth": 0,
    "averageQuality": 1.1154968332694362e-44,
    "averageStress": 0.8889740775546374,
    "environment": {
      "temperature": 22.919086495768642,
      "humidity": 0.5000000000000001,
      "co2": 400,
      "ppfd": 1041470.40470944,
      "vpd": 1.397858804246941
    },
    "resources": {
      "waterLiters": 12000,
      "nutrientsGrams": 8000
    },
    "cashOnHand": 555120.0849797971,
    "financeSummary": {
      "totalRevenue": 1500000,
      "totalExpenses": 944879.915020253,
      "totalPayroll": 921600,
      "totalMaintenance": 46.03502025457756,
      "netIncome": 555120.084979747,
      "lastTickRevenue": 0,
      "lastTickExpenses": 194.5328591120789
    }
  },
  "financials": {
    "revenue": 0,
    "expenses": 934029.9150202529,
    "capex": 0,
    "opex": 934029.9150202529,
    "utilityCost": 863.8800000000276,
    "maintenanceCost": 46.03502025457762,
    "utilitiesConsumed": {
      "energyKwh": 5759.200000000396,
      "waterLiters": 0,
      "nutrientsGrams": 0
    }
  },
  "events": {
    "dispatched": 33624,
    "counts": {
      "finance.opex": 28800,
      "finance.tick": 4800,
      "plant.healthAlert": 24
    }
  },
  "samples": [
    {
      "tick": 1,
      "biomassDelta": 1.6873952663139298,
      "avgHealth": 0.9001145860738168,
      "avgStress": 0.6000227802136864,
      "avgVpd": 1.2142280864681247,
      "cumulativeBiomassDelta": 1.6873952663139298,
      "cumulativeRevenue": 0,
      "cumulativeExpenses": 194.526600066,
      "cashOnHand": 1488955.4733999341,
      "waterRemaining": 12000,
      "nutrientsRemaining": 8000,
      "eventCount": 7
    },
    {
      "tick": 1200,
      "biomassDelta": 0,
      "avgHealth": 0,
      "avgStress": 0.8889793699277694,
      "avgVpd": 1.3972378095664382,
      "cumulativeBiomassDelta": 2880.0000000000027,
      "cumulativeRevenue": 0,
      "cumulativeExpenses": 233504.12778267442,
      "cashOnHand": 1255645.8722173767,
      "waterRemaining": 12000,
      "nutrientsRemaining": 8000,
      "eventCount": 8424
    },
    {
      "tick": 1306,
      "biomassDelta": 0,
      "avgHealth": 0,
      "avgStress": 0.8889789502415651,
      "avgVpd": 1.3972577166324385,
      "cumulativeBiomassDelta": 2880.0000000000027,
      "cumulativeRevenue": 0,
      "cumulativeExpenses": 254130.47165607964,
      "cashOnHand": 1235019.528343976,
      "waterRemaining": 12000,
      "nutrientsRemaining": 8000,
      "eventCount": 9166
    },
    {
      "tick": 1506,
      "biomassDelta": 0,
      "avgHealth": 0,
      "avgStress": 0.88897829568733,
      "avgVpd": 1.3972948309107622,
      "cumulativeBiomassDelta": 2880.0000000000027,
      "cumulativeRevenue": 0,
      "cumulativeExpenses": 293048.1026919816,
      "cashOnHand": 1196101.897308084,
      "waterRemaining": 12000,
      "nutrientsRemaining": 8000,
      "eventCount": 10566
    },
    {
      "tick": 1604,
      "biomassDelta": 0,
      "avgHealth": 0,
      "avgStress": 0.8889780241222524,
      "avgVpd": 1.3973128247876152,
      "cumulativeBiomassDelta": 2880.0000000000027,
      "cumulativeRevenue": 0,
      "cumulativeExpenses": 312117.7424128805,
      "cashOnHand": 1177032.2575871896,
      "waterRemaining": 12000,
      "nutrientsRemaining": 8000,
      "eventCount": 11252
    },
    {
      "tick": 2400,
      "biomassDelta": 0,
      "avgHealth": 0,
      "avgStress": 0.8889764752396877,
      "avgVpd": 1.3974552385326617,
      "cumulativeBiomassDelta": 2880.0000000000027,
      "cumulativeRevenue": 0,
      "cumulativeExpenses": 467010.5379744673,
      "cashOnHand": 1022139.4620256281,
      "waterRemaining": 12000,
      "nutrientsRemaining": 8000,
      "eventCount": 16824
    },
    {
      "tick": 3718,
      "biomassDelta": 0,
      "avgHealth": 0,
      "avgStress": 0.88897497004608,
      "avgVpd": 1.3976805708490645,
      "cumulativeBiomassDelta": 2880.0000000000027,
      "cumulativeRevenue": 0,
      "cumulativeExpenses": 723480.8987239114,
      "cashOnHand": 765669.101276161,
      "waterRemaining": 12000,
      "nutrientsRemaining": 8000,
      "eventCount": 26050
    },
    {
      "tick": 4800,
      "biomassDelta": 0,
      "avgHealth": 0,
      "avgStress": 0.8889740775546374,
      "avgVpd": 1.397858804246941,
      "cumulativeBiomassDelta": 2880.0000000000027,
      "cumulativeRevenue": 0,
      "cumulativeExpenses": 934029.9150202529,
      "cashOnHand": 555120.0849797971,
      "waterRemaining": 12000,
      "nutrientsRemaining": 8000,
      "eventCount": 33624
    }
  ]
}
