{
  "metadata": {
    "seed": "loop-golden-200-days",
    "daysSimulated": 200,
    "tickLengthMinutes": 60,
    "ticksPerDay": 24,
    "ticksSimulated": 4800
  },
  "totals": {
    "biomassDelta": 2880.0000000000027,
    "averageBiomassPerTick": 0.6000000000000005,
    "averageBiomassPerDay": 14.400000000000013,
    "averageVpd": 1.4136099631614238,
    "averageStress": 0.8888377665557914,
    "averageHealth": 0.001485349686751396
  },
  "finalState": {
    "tick": 4800,
    "plantCount": 12,
    "biomassDry": 2880,
    "averageHealth": 0,
    "averageQuality": 1.1154968332694362e-44,
    "averageStress": 0.8889740775546374,
    "environment": {
      "temperature": 22.919086495768642,
      "humidity": 0.5000000000000001,
      "co2": 400,
      "ppfd": 1041470.40470944,
      "vpd": 1.397858804246941
    },
    "resources": {
      "waterLiters": 12000,
      "nutrientsGrams": 8000
    },
    "cashOnHand": 566640.0849796439,
    "financeSummary": {
      "totalRevenue": 1500000,
      "totalExpenses": 933359.9150202525,
      "totalPayroll": 921600,
      "totalMaintenance": 46.03502025457756,
      "netIncome": 566640.0849797475,
      "lastTickRevenue": 0,
      "lastTickExpenses": 192.1328591120789
    }
  },
  "financials": {
    "revenue": 0,
    "expenses": 922509.9150202532,
    "capex": 0,
    "opex": 922509.9150202532,
    "utilityCost": 863.8800000000276,
    "maintenanceCost": 46.03502025457762,
    "utilitiesConsumed": {
      "energyKwh": 5759.200000000396,
      "waterLiters": 0,
      "nutrientsGrams": 0
    }
  },
  "events": {
    "dispatched": 28824,
    "counts": {
      "finance.opex": 24000,
      "finance.tick": 4800,
      "plant.healthAlert": 24
    }
  },
  "samples": [
    {
      "tick": 1,
      "biomassDelta": 1.6873952663139298,
      "avgHealth": 0.9001145860738168,
      "avgStress": 0.6000227802136864,
      "avgVpd": 1.2142280864681247,
      "cumulativeBiomassDelta": 1.6873952663139298,
      "cumulativeRevenue": 0,
      "cumulativeExpenses": 192.126600066,
      "cashOnHand": 1488957.873399934,
      "waterRemaining": 12000,
      "nutrientsRemaining": 8000,
      "eventCount": 6
    },
    {
      "tick": 1200,
      "biomassDelta": 0,
      "avgHealth": 0,
      "avgStress": 0.8889793699277694,
      "avgVpd": 1.3972378095664382,
      "cumulativeBiomassDelta": 2880.0000000000027,
      "cumulativeRevenue": 0,
      "cumulativeExpenses": 230624.12778267416,
      "cashOnHand": 1258525.872217265,
      "waterRemaining": 12000,
      "nutrientsRemaining": 8000,
      "eventCount": 7224
    },
    {
      "tick": 1306,
      "biomassDelta": 0,
      "avgHealth": 0,
      "avgStress": 0.8889789502415651,
      "avgVpd": 1.3972577166324385,
      "cumulativeBiomassDelta": 2880.0000000000027,
      "cumulativeRevenue": 0,
      "cumulativeExpenses": 250996.07165607932,
      "cashOnHand": 1238153.9283438544,
      "waterRemaining": 12000,
      "nutrientsRemaining": 8000,
      "eventCount": 7860
    },
    {
      "tick": 1506,
      "biomassDelta": 0,
      "avgHealth": 0,
      "avgStress": 0.88897829568733,
      "avgVpd": 1.3972948309107622,
      "cumulativeBiomassDelta": 2880.0000000000027,
      "cumulativeRevenue": 0,
      "cumulativeExpenses": 289433.70269198116,
      "cashOnHand": 1199716.2973079437,
      "waterRemaining": 12000,
      "nutrientsRemaining": 8000,
      "eventCount": 9060
    },
    {
      "tick": 1604,
      "biomassDelta": 0,
      "avgHealth": 0,
      "avgStress": 0.8889780241222524,
      "avgVpd": 1.3973128247876152,
      "cumulativeBiomassDelta": 2880.0000000000027,
      "cumulativeRevenue": 0,
      "cumulativeExpenses": 308268.14241287997,
      "cashOnHand": 1180881.8575870402,
      "waterRemaining": 12000,
      "nutrientsRemaining": 8000,
      "eventCount": 9648
    },
    {
      "tick": 2400,
      "biomassDelta": 0,
      "avgHealth": 0,
      "avgStress": 0.8889764752396877,
      "avgVpd": 1.3974552385326617,
      "cumulativeBiomassDelta": 2880.0000000000027,
      "cumulativeRevenue": 0,
      "cumulativeExpenses": 461250.53797446546,
      "cashOnHand": 1027899.462025419,
      "waterRemaining": 12000,
      "nutrientsRemaining": 8000,
      "eventCount": 14424
    },
    {
      "tick": 3718,
      "biomassDelta": 0,
      "avgHealth": 0,
      "avgStress": 0.88897497004608,
      "avgVpd": 1.3976805708490645,
      "cumulativeBiomassDelta": 2880.0000000000027,
      "cumulativeRevenue": 0,
      "cumulativeExpenses": 714557.6987239112,
      "cashOnHand": 774592.3012759826,
      "waterRemaining": 12000,
      "nutrientsRemaining": 8000,
      "eventCount": 22332
    },
    {
      "tick": 4800,
      "biomassDelta": 0,
      "avgHealth": 0,
      "avgStress": 0.8889740775546374,
      "avgVpd": 1.397858804246941,
      "cumulativeBiomassDelta": 2880.0000000000027,
      "cumulativeRevenue": 0,
      "cumulativeExpenses": 922509.9150202532,
      "cashOnHand": 566640.0849796439,
      "waterRemaining": 12000,
      "nutrientsRemaining": 8000,
      "eventCount": 28824
    }
  ]
}
