{
  "metadata": {
    "seed": "loop-golden-200-days",
    "daysSimulated": 200,
    "tickLengthMinutes": 60,
    "ticksPerDay": 24,
    "ticksSimulated": 4800
  },
  "totals": {
    "biomassDelta": 2879.9999999999995,
    "averageBiomassPerTick": 0.5999999999999999,
    "averageBiomassPerDay": 14.399999999999997,
    "averageVpd": 1.3772836446282837,
    "averageStress": 0.8889619684554775,
    "averageHealth": 0.11542329000897066
  },
  "finalState": {
    "tick": 4800,
    "plantCount": 12,
    "biomassDry": 2880,
    "averageHealth": 0.11094881373521519,
    "averageQuality": 1.2924382537250788e-44,
    "averageStress": 0.889051153595045,
    "environment": {
      "temperature": 22.6826963121609,
      "humidity": 0.5000000000000001,
      "co2": 400,
      "ppfd": 1041470.40470944,
      "vpd": 1.3779844310193445
    },
    "resources": {
      "waterLiters": 12000,
      "nutrientsGrams": 8000
    },
    "cashOnHand": 566352.0849797885,
    "financeSummary": {
      "totalRevenue": 1500000,
      "totalExpenses": 933647.915020253,
      "totalPayroll": 921600,
      "totalMaintenance": 46.03502025457756,
      "netIncome": 566352.084979747,
      "lastTickRevenue": 0,
      "lastTickExpenses": 192.2528591120789
    }
  },
  "financials": {
    "revenue": 0,
    "expenses": 922797.9150202537,
    "capex": 0,
    "opex": 922797.9150202537,
    "utilityCost": 1151.8800000000376,
    "maintenanceCost": 46.03502025457762,
    "utilitiesConsumed": {
      "energyKwh": 7679.20000000065,
      "waterLiters": 0,
      "nutrientsGrams": 0
    }
  },
  "events": {
    "dispatched": 28824,
    "counts": {
      "finance.opex": 24000,
      "finance.tick": 4800,
      "plant.healthAlert": 24
    }
  },
  "samples": [
    {
      "tick": 1,
      "biomassDelta": 1.3492912602996456,
      "avgHealth": 0.928183026535064,
      "avgStress": 0.6191384382157248,
      "avgVpd": 1.1754580492792286,
      "cumulativeBiomassDelta": 1.3492912602996456,
      "cumulativeRevenue": 0,
      "cumulativeExpenses": 192.126600066,
      "cashOnHand": 1488957.873399934,
      "waterRemaining": 12000,
      "nutrientsRemaining": 8000,
      "eventCount": 6
    },
    {
      "tick": 1200,
      "biomassDelta": 0,
      "avgHealth": 0.11094135009667176,
      "avgStress": 0.8890585234014154,
      "avgVpd": 1.3770912054876054,
      "cumulativeBiomassDelta": 2879.9999999999995,
      "cumulativeRevenue": 0,
      "cumulativeExpenses": 230696.12778267416,
      "cashOnHand": 1258453.8722173376,
      "waterRemaining": 12000,
      "nutrientsRemaining": 8000,
      "eventCount": 7224
    },
    {
      "tick": 1306,
      "biomassDelta": 0,
      "avgHealth": 0.11094185043497219,
      "avgStress": 0.8890580384368737,
      "avgVpd": 1.3771196621137258,
      "cumulativeBiomassDelta": 2879.9999999999995,
      "cumulativeRevenue": 0,
      "cumulativeExpenses": 251074.4316560793,
      "cashOnHand": 1238075.5683439334,
      "waterRemaining": 12000,
      "nutrientsRemaining": 8000,
      "eventCount": 7860
    },
    {
      "tick": 1506,
      "biomassDelta": 0,
      "avgHealth": 0.11094264787274423,
      "avgStress": 0.8890572616281371,
      "avgVpd": 1.3771727469272579,
      "cumulativeBiomassDelta": 2879.9999999999995,
      "cumulativeRevenue": 0,
      "cumulativeExpenses": 289524.06269198086,
      "cashOnHand": 1199625.9373080349,
      "waterRemaining": 12000,
      "nutrientsRemaining": 8000,
      "eventCount": 9060
    },
    {
      "tick": 1604,
      "biomassDelta": 0,
      "avgHealth": 0.11094298632393974,
      "avgStress": 0.8890569305868504,
      "avgVpd": 1.3771984982049459,
      "cumulativeBiomassDelta": 2879.9999999999995,
      "cumulativeRevenue": 0,
      "cumulativeExpenses": 308364.38241287955,
      "cashOnHand": 1180785.6175871373,
      "waterRemaining": 12000,
      "nutrientsRemaining": 8000,
      "eventCount": 9648
    },
    {
      "tick": 2400,
      "biomassDelta": 0,
      "avgHealth": 0.1109450396201359,
      "avgStress": 0.8890549079958684,
      "avgVpd": 1.3774026440617797,
      "cumulativeBiomassDelta": 2879.9999999999995,
      "cumulativeRevenue": 0,
      "cumulativeExpenses": 461394.5379744656,
      "cashOnHand": 1027755.462025558,
      "waterRemaining": 12000,
      "nutrientsRemaining": 8000,
      "eventCount": 14424
    },
    {
      "tick": 3718,
      "biomassDelta": 0,
      "avgHealth": 0.11094731551104454,
      "avgStress": 0.889052647150061,
      "avgVpd": 1.3777268811627652,
      "cumulativeBiomassDelta": 2879.9999999999995,
      "cumulativeRevenue": 0,
      "cumulativeExpenses": 714780.7787239108,
      "cashOnHand": 774369.2212761247,
      "waterRemaining": 12000,
      "nutrientsRemaining": 8000,
      "eventCount": 22332
    },
    {
      "tick": 4800,
      "biomassDelta": 0,
      "avgHealth": 0.11094881373521519,
      "avgStress": 0.889051153595045,
      "avgVpd": 1.3779844310193445,
      "cumulativeBiomassDelta": 2879.9999999999995,
      "cumulativeRevenue": 0,
      "cumulativeExpenses": 922797.9150202537,
      "cashOnHand": 566352.0849797885,
      "waterRemaining": 12000,
      "nutrientsRemaining": 8000,
      "eventCount": 28824
    }
  ]
}
